Weekday,Day,Month,Hour,League_Rank_1,League_Rank_2,Total_teams,Games_played_1,Games_played_2,Points_1,Points_2,Max_points,Min_points,Won_1,Draw_1,Lost_1,Won_2,Draw_2,Lost_2,Goals_Scored_1,Goals_Scored_2,Goals_Rec_1,Goal_Rec_2,Goals_Diff_1,Goals_Diff_2,Team_1_Found,Team_2_Found,Win_Perc_1,Win_Perc_2,Draw_Perc_1,Draw_Perc_2,Avrage_FT_Goal,Average_HT_Goal,Results_1,Results_2
Thu,3,1,21,3,1,20,20,20,47,54,54,10,15,2,3,17,3,0,54,48,16,8,38,40,manchester city,liverpool,88,95,7,7,3.5,1.33,2,1
Wed,2,1,21,15,6,20,20,20,18,35,54,10,4,6,10,10,5,5,15,41,27,32,-12,9,newcastle united,manchester united,30,49,30,25,3.0,1.33,0,2
Sat,12,1,18,4,15,20,21,21,44,18,54,10,13,5,3,4,6,11,38,15,16,29,22,-14,chelsea,newcastle united,68,25,13,30,3.83,1.66,2,1
Sat,19,1,16,1,14,20,22,22,57,22,57,11,18,3,1,6,4,12,50,20,10,28,40,-8,liverpool,crystal palace,97,30,6,25,2.83,1.5,4,3
Wed,2,1,20,4,17,20,20,20,43,15,54,10,13,4,3,3,6,11,38,21,16,38,22,-17,chelsea,southampton,61,25,13,30,3.16,1.16,0,0
Sat,12,1,13,10,5,20,21,21,28,41,54,10,8,4,9,12,5,4,29,46,32,31,-3,15,west ham united,arsenal,49,68,18,30,3.16,0.66,1,0
Sun,13,1,15,11,12,20,21,21,27,27,57,11,7,6,8,8,3,10,31,31,31,40,0,-9,everton,bournemouth,42,49,30,6,3.83,1.16,2,0
Sat,19,1,18,5,4,20,22,22,41,47,57,11,12,5,5,14,5,3,46,40,32,17,14,23,arsenal,chelsea,68,68,30,18,4.16,1.16,2,0
Sat,12,1,16,7,18,20,21,21,31,16,54,10,9,4,8,3,7,11,25,21,23,38,2,-17,leicester city,southampton,37,25,25,30,1.83,0.83,1,2
Wed,2,1,20,20,18,20,20,20,10,15,54,10,2,4,14,4,3,13,12,19,35,41,-23,-22,huddersfield town,burnley,13,13,18,13,2.33,1.66,1,2
Sat,19,1,16,12,9,20,22,22,27,31,57,11,8,3,11,9,4,9,31,30,42,32,-11,-2,bournemouth,west ham united,42,49,13,18,3.5,1.0,2,0
Sat,19,1,16,16,10,20,22,22,19,30,57,11,4,7,11,8,6,8,23,33,39,31,-16,2,southampton,everton,25,37,30,37,2.83,1.0,2,1
Wed,2,1,20,12,9,20,20,20,26,28,54,10,8,2,10,8,4,8,28,27,37,28,-9,-1,bournemouth,watford,49,49,18,13,3.0,1.16,3,3
Sat,19,1,16,7,15,20,22,22,32,21,57,11,9,5,8,6,3,13,32,23,32,43,0,-20,watford,burnley,42,18,18,18,2.5,1.16,0,0
Sat,12,1,16,17,20,20,21,21,18,10,54,10,5,3,13,2,4,15,19,13,41,37,-22,-24,cardiff city,huddersfield town,25,13,13,18,2.5,1.33,0,0
Sat,19,1,16,18,17,20,22,22,18,19,57,11,4,6,12,5,4,13,16,19,31,41,-15,-22,newcastle united,cardiff city,25,25,13,25,2.33,0.83,3,0
Sat,12,1,16,14,8,20,21,21,22,29,54,10,6,4,11,8,5,8,19,30,26,31,-7,-1,crystal palace,watford,42,30,18,25,2.0,0.5,1,2
Tue,1,1,13,10,8,20,20,20,27,28,54,10,7,6,7,8,4,8,31,24,30,23,1,1,everton,leicester city,49,37,25,37,3.16,1.83,0,1
Fri,18,1,20,3,8,24,27,27,50,39,54,18,14,8,5,9,12,6,49,39,35,30,14,9,norwich city,birmingham city,70,35,20,45,2.0,0.83,3,1
Fri,11,1,20,1,6,24,26,26,51,43,51,15,15,6,5,12,7,7,44,38,28,32,16,6,leeds united,derby county,60,55,30,30,3.0,1.5,2,0
Tue,1,1,16,9,8,24,25,25,37,38,51,15,9,10,6,11,5,9,47,31,38,32,9,-1,aston villa,queens park rangers,45,35,20,50,2.66,1.5,2,2
Tue,1,1,16,10,1,24,25,25,36,51,51,15,8,12,5,15,6,4,35,42,27,24,8,18,nottingham forest,leeds united,45,66,45,25,1.83,0.5,4,2
Sat,19,1,16,5,20,24,27,27,46,28,54,18,12,10,5,7,7,13,30,33,19,43,11,-10,middlesbrough,millwall,55,20,35,30,3.5,2.16,1,1
Tue,1,1,16,14,21,24,25,25,33,22,51,15,9,6,10,5,7,13,30,17,33,32,-3,-15,hull city,bolton wanderers,35,20,30,30,2.16,1.5,6,0
Tue,1,1,16,18,2,24,25,25,27,48,51,15,6,9,10,14,6,5,35,47,35,33,0,14,brentford,norwich city,30,66,35,25,2.33,1.16,1,1
Sat,26,1,16,21,1,24,28,28,25,54,54,18,5,10,13,16,6,6,27,47,46,30,-19,17,rotherham united,leeds united,25,60,50,30,2.33,0.66,1,2
Tue,22,1,20,24,8,24,29,29,23,39,57,23,6,5,18,10,9,10,22,40,44,33,-22,7,afc wimbledon,fleetwood town,40,25,30,15,2.16,0.66,0,3
Sat,19,1,16,6,22,24,27,27,43,23,54,18,12,7,8,5,8,14,38,30,34,41,4,-11,derby county,reading,52,24,29,34,4.0,1.66,2,1
Tue,1,1,16,6,5,24,25,25,42,42,51,15,12,6,7,11,9,5,37,27,31,17,6,10,derby county,middlesbrough,55,55,40,25,2.16,0.66,1,1
Tue,1,1,16,24,20,24,25,25,15,25,51,15,2,9,14,6,7,12,19,30,43,39,-24,-9,ipswich town,millwall,11,15,45,35,3.5,2.0,2,3
Sat,26,1,16,8,12,24,29,29,43,40,57,18,11,10,8,11,7,11,40,41,41,38,-1,3,blackburn rovers,hull city,40,30,30,50,1.83,0.5,3,0
Sat,19,1,16,14,24,24,27,27,37,18,54,18,9,10,8,3,9,15,35,22,41,46,-6,-24,blackburn rovers,ipswich town,35,11,45,40,3.0,1.66,2,0
Sat,19,1,16,12,10,24,27,27,38,39,54,18,9,11,7,11,6,10,49,39,43,33,6,6,aston villa,hull city,40,35,30,45,2.5,1.66,2,2
Sat,12,1,16,11,22,24,26,26,38,22,54,15,10,8,8,5,7,14,32,17,28,38,4,-21,bristol city,bolton wanderers,40,20,30,25,2.66,0.66,2,1
Tue,1,1,16,5,22,24,25,25,44,24,54,21,12,8,5,6,6,13,45,30,31,51,14,-21,peterborough united,scunthorpe united,50,25,40,30,2.5,0.83,0,2
Tue,1,1,16,1,23,24,25,25,54,22,54,21,16,6,3,6,4,15,44,19,23,35,21,-16,portsmouth,afc wimbledon,75,25,30,15,2.0,0.83,2,1
Tue,22,1,20,7,15,24,27,28,44,34,55,21,11,11,5,10,4,14,40,29,27,35,13,-6,forest green rovers,grimsby town,52,42,37,22,2.66,1.0,3,0
Sat,19,1,16,8,7,24,27,27,39,41,54,18,9,12,6,11,8,8,39,34,31,29,8,5,nottingham forest,bristol city,40,45,30,45,2.0,1.0,0,1
Tue,15,1,20,5,17,24,26,27,45,33,52,21,11,12,3,10,3,14,37,34,20,40,17,-6,mansfield town,crawley town,47,42,58,11,2.83,0.83,1,0
Tue,1,1,16,23,9,24,25,25,20,38,50,20,5,5,15,10,8,7,21,37,41,31,-20,6,macclesfield town,tranmere rovers,38,24,34,24,3.16,1.33,1,1
Tue,1,1,16,16,7,24,25,25,31,38,51,15,8,7,10,9,11,5,31,37,41,27,-10,10,sheffield wednesday,birmingham city,30,35,50,30,3.0,1.16,1,1
Tue,1,1,16,22,17,24,25,25,22,29,51,15,4,10,11,7,8,10,23,37,40,41,-17,-4,rotherham united,preston north end,25,40,45,25,2.5,1.5,2,1
Sat,26,1,16,9,20,24,29,29,42,29,57,18,10,12,7,8,5,16,42,29,33,44,9,-15,nottingham forest,wigan athletic,45,30,45,15,3.33,1.5,3,1
Sat,26,1,16,5,20,24,27,29,52,31,57,23,15,7,5,8,7,14,47,35,23,59,24,-24,barnsley,rochdale afc,48,34,29,29,3.66,1.0,2,1
Sat,19,1,16,11,18,24,27,27,39,30,54,18,11,6,10,7,9,11,33,39,35,44,-2,-5,queens park rangers,preston north end,50,35,20,30,2.0,1.0,1,4
Sat,19,1,16,21,17,24,27,27,25,31,54,18,5,10,12,7,10,10,25,39,42,37,-17,2,rotherham united,brentford,25,25,50,35,3.33,1.16,2,4
Sat,12,1,16,4,2,24,26,26,46,49,54,15,13,7,6,14,7,5,54,48,34,34,20,14,west bromwich albion,norwich city,70,55,25,30,2.5,0.66,1,1
Sat,12,1,16,23,7,24,26,26,20,39,54,15,4,8,14,9,12,5,28,39,41,29,-13,10,reading,nottingham forest,25,40,35,50,2.83,0.83,2,0
Sat,12,1,16,8,5,24,26,26,39,43,54,15,9,12,5,11,10,5,38,28,28,18,10,10,birmingham city,middlesbrough,50,35,40,50,1.66,1.16,1,2
Sat,19,1,16,23,1,24,26,27,26,57,57,23,6,8,12,17,6,4,31,46,41,25,-10,21,oxford united,portsmouth,38,72,38,29,2.33,0.33,2,1
Sat,12,1,16,24,21,24,26,26,15,25,54,15,2,9,15,5,10,11,21,25,46,41,-25,-16,ipswich town,rotherham united,20,11,50,45,2.66,1.16,1,0
Tue,8,1,20,13,3,24,28,28,36,53,57,19,10,6,12,15,8,5,40,36,43,18,-3,18,bromley,wrexham,66,35,30,25,3.33,1.0,2,0
Tue,1,1,16,13,9,24,25,25,32,35,54,21,8,8,9,10,5,10,34,26,36,29,-2,-3,wycombe wanderers,coventry city,34,44,24,38,2.83,1.0,0,2
Sat,26,1,16,6,4,24,28,29,47,53,57,23,13,8,7,16,5,8,47,47,38,31,9,16,peterborough united,charlton athletic,66,50,20,40,3.16,0.66,0,0
Sat,19,1,14,1,15,24,26,27,52,34,52,21,15,7,4,10,4,13,47,29,26,34,21,-5,lincoln city,grimsby town,73,42,22,16,2.33,1.66,1,0
Sat,12,1,16,8,21,24,27,28,44,28,52,21,12,8,7,7,7,14,38,28,28,44,10,-16,exeter city,morecambe fc,45,30,35,20,2.83,1.66,0,0
Sat,12,1,16,1,9,24,27,26,57,38,57,23,17,6,4,10,8,8,46,27,25,25,21,2,portsmouth,blackpool,70,55,30,35,2.66,0.83,0,1
Tue,1,1,16,1,14,24,27,27,54,34,54,18,15,9,3,10,4,13,48,30,17,33,31,-3,leyton orient,dagenham and redbridge,66,35,40,15,1.83,0.33,1,0
Tue,1,1,16,23,13,24,25,25,20,33,51,15,4,8,13,9,6,10,27,31,37,30,-10,1,reading,swansea city,25,40,35,25,2.33,1.0,1,4
Sat,26,1,16,14,7,24,29,29,38,46,58,21,11,5,13,13,7,9,31,44,36,33,-5,11,crewe alexandra,colchester united,50,35,25,20,3.16,1.16,2,1
Sat,26,1,15,16,22,24,28,29,33,28,58,21,7,12,9,7,7,15,37,29,38,46,-1,-17,northampton town,morecambe fc,30,25,50,20,2.83,1.5,1,1
Sat,19,1,16,21,11,24,27,27,27,35,57,23,8,3,16,11,2,14,31,34,43,34,-12,0,bradford city,southend united,40,30,11,15,2.16,0.66,0,4
Sat,19,1,16,9,17,24,26,27,38,30,57,23,10,8,8,7,9,11,27,29,25,35,2,-6,blackpool,shrewsbury town,55,35,30,30,2.66,0.83,0,0
Sat,12,1,16,7,18,24,26,27,44,30,57,22,12,8,6,8,6,13,45,33,33,56,12,-23,peterborough united,rochdale afc,48,34,38,29,3.33,2.83,2,1
Sat,26,1,16,8,16,24,29,29,39,34,57,23,10,9,10,9,7,13,41,37,33,54,8,-17,fleetwood town,scunthorpe united,35,25,30,30,3.5,2.0,0,1
Sat,26,1,16,12,17,24,28,29,38,33,57,23,10,8,10,9,6,14,38,38,40,51,-2,-13,wycombe wanderers,plymouth argyle,40,25,35,20,2.83,1.83,1,0
Sat,26,1,16,11,17,24,29,29,40,33,58,21,10,10,9,10,3,16,33,34,38,42,-5,-8,swindon town,crawley town,40,40,25,5,2.5,0.83,0,1
Sat,26,1,16,8,19,24,28,29,44,32,58,21,12,8,8,9,5,15,38,28,29,49,9,-21,exeter city,cambridge united,45,25,35,25,2.16,1.16,1,0
Sat,19,1,16,21,10,24,28,28,28,41,52,21,7,7,14,12,5,11,28,33,44,35,-16,-2,morecambe fc,stevenage,40,30,25,20,2.33,1.33,1,2
Sat,19,1,16,19,16,24,26,27,28,32,57,23,8,4,14,8,8,11,36,29,43,43,-7,-14,gillingham,walsall,40,30,35,20,2.0,1.0,0,3
Sat,19,1,16,22,11,24,28,28,28,38,57,23,7,7,14,10,8,10,25,38,30,40,-5,-2,bristol rovers,wycombe wanderers,44,24,38,24,2.66,1.16,0,1
Mon,14,1,20,9,7,12,14,14,17,20,24,11,4,5,5,6,2,6,25,27,32,32,-7,-5,arsenal u23,manchester city u23,44,44,22,44,5.5,2.5,5,1
Fri,11,1,20,10,5,12,15,15,15,23,30,5,4,3,8,7,2,6,21,26,31,26,-10,0,norwich city u23,aston villa u23,33,44,22,22,2.16,1.16,2,1
Fri,11,1,20,2,1,12,14,15,27,30,30,5,8,3,3,9,3,3,32,34,15,23,17,11,wolverhampton u23,reading u23,77,66,22,22,2.83,1.5,1,2
Wed,9,1,20,2,6,22,22,24,49,41,54,15,15,4,3,12,5,7,47,43,24,28,23,15,woking,welling united,70,58,24,24,2.5,0.5,2,0
Sat,5,1,16,21,11,24,27,27,26,38,51,21,7,5,15,11,5,11,24,31,47,34,-23,-3,cambridge united,stevenage,45,20,25,25,1.5,0.66,2,0
Sat,5,1,16,2,18,24,27,28,53,28,57,18,15,8,4,7,7,14,36,29,17,46,19,-17,wrexham,dover athletic,60,25,35,25,0.83,0.33,0,1
Sat,5,1,16,17,8,24,27,27,30,38,57,22,8,6,13,11,5,11,34,29,52,31,-18,-2,scunthorpe united,coventry city,20,35,30,25,2.5,0.33,2,1
Sat,5,1,16,8,24,24,27,27,43,21,51,21,12,7,8,4,9,14,39,29,30,56,9,-27,colchester united,notts county,55,20,20,30,3.33,1.83,3,3
Mon,22,10,19,5,11,20,8,8,18,12,23,2,6,0,2,4,0,4,19,14,10,12,9,2,Arsenal,Leicester City,77,22,0,22,3.66,1.5,3,1
Mon,29,10,20,5,3,20,9,9,21,23,26,3,7,0,2,7,2,0,16,26,7,3,9,23,Tottenham,Manchester City,77,77,11,11,3.5,1.16,0,1
Sun,28,10,13,15,4,20,9,9,7,21,26,3,2,1,6,7,0,2,5,22,11,11,-6,11,Crystal Palace,Arsenal,49,85,25,0,3.33,1.66,2,2
Sun,28,10,13,14,3,20,9,9,8,21,26,3,2,2,5,6,3,0,10,20,17,7,-7,13,Burnley,Chelsea,37,61,25,25,3.16,2.16,0,4
Sat,20,10,11,2,8,20,8,8,20,13,20,2,6,2,0,4,1,3,18,13,5,14,13,-1,Chelsea,Manchester United,60,100,11,11,2.0,1.0,2,2
Sun,28,10,16,10,8,20,9,9,14,15,26,3,4,2,3,4,3,2,15,15,16,12,-1,3,Manchester United,Everton,33,88,44,22,2.33,0.66,2,1
Sun,21,10,15,11,14,20,8,8,12,7,23,2,3,3,2,2,1,5,13,5,12,9,1,-4,Everton,Crystal Palace,60,60,50,20,2.16,0.83,2,0
Sat,20,10,14,15,5,20,8,8,7,18,20,2,2,1,5,6,0,2,8,15,13,7,-5,8,West Ham United,Tottenham,13,61,37,13,3.16,1.0,0,1
Sat,27,10,16,11,14,20,9,9,12,7,23,2,4,0,5,2,1,6,15,8,15,14,0,-6,Leicester City,West Ham United,30,20,11,20,2.83,1.83,1,1
Sat,20,10,14,1,12,20,8,8,20,8,20,2,6,2,0,2,2,4,21,10,3,12,18,-2,Manchester City,Burnley,82,27,18,37,2.83,0.83,5,0
Mon,1,10,19,9,13,20,6,6,10,7,19,2,3,1,2,2,1,3,10,4,11,6,-1,-2,Bournemouth,Crystal Palace,22,33,33,22,2.5,1.16,2,1
Sat,27,10,14,7,19,20,9,9,16,3,23,2,5,1,3,0,3,6,13,4,12,18,1,-14,Watford,Huddersfield Town,31,0,16,31,4.0,1.0,3,0
Sat,27,10,14,12,9,20,9,9,11,15,23,2,3,2,4,4,3,2,10,9,13,8,-3,1,Brighton amp Hove Albion,Wolverhampton,13,49,13,37,1.33,0.66,1,0
Sat,27,10,14,16,20,20,9,9,6,2,23,2,1,3,5,0,2,7,6,6,14,14,-8,-8,Southampton,Newcastle United,31,47,31,16,3.66,1.83,0,0
Sat,27,10,16,2,8,24,14,14,26,22,27,9,7,5,2,5,7,2,25,21,11,15,14,6,Leeds United,Nottingham Forest,44,44,37,29,1.83,0.5,1,1
Sat,27,10,14,4,10,24,14,14,24,21,26,9,7,3,4,5,6,3,32,17,22,19,10,-2,West Bromwich Albion,Blackburn Rovers,49,25,25,49,2.66,0.83,1,1
Fri,19,10,18,6,4,24,12,12,19,22,25,8,5,4,3,6,4,2,19,14,18,6,1,8,Sheffield Wednesday,Middlesbrough,44,51,22,37,2.16,0.5,1,2
Fri,12,10,18,7,24,24,12,12,20,4,28,4,5,5,2,0,4,8,16,11,12,23,4,-12,Tranmere Rovers,Macclesfield Town,69,41,14,35,3.16,1.33,1,0
Tue,2,10,18,6,16,24,10,10,16,10,20,5,4,4,2,1,7,2,18,9,12,10,6,-1,Brentford,Birmingham City,39,39,39,8,3.16,0.66,1,1
Tue,2,10,18,22,3,24,10,10,6,19,20,5,0,6,4,5,4,1,8,12,14,4,-6,8,Ipswich Town,Middlesbrough,16,71,31,8,2.5,1.16,0,2
Wed,24,10,18,5,24,24,13,13,23,9,26,9,6,5,2,1,6,6,23,11,11,20,12,-9,Leeds United,Ipswich Town,41,27,35,35,2.16,1.33,2,0
Tue,2,10,19,17,14,24,10,10,10,15,20,5,2,4,4,4,3,3,14,10,18,12,-4,-2,Stoke City,Bolton Wanderers,44,0,22,44,3.66,1.83,2,0
Sat,27,10,11,2,5,24,14,14,26,24,26,9,7,5,2,7,3,4,16,21,7,15,9,6,Middlesbrough,Derby County,41,55,41,20,2.16,0.66,1,1
Sat,27,10,14,18,23,24,14,14,16,9,27,9,4,4,6,2,3,9,11,11,19,21,-8,-10,Bolton Wanderers,Hull City,13,33,33,33,2.66,1.66,0,1
Sat,27,10,14,20,24,24,14,14,13,9,26,9,3,4,7,1,6,7,16,11,23,22,-7,-11,Millwall,Ipswich Town,48,20,20,27,3.5,1.83,3,0
Sat,27,10,14,11,22,24,14,14,20,12,26,9,5,5,4,3,3,8,15,19,11,23,4,-4,Swansea City,Reading,44,44,44,22,3.0,1.33,2,0
Wed,24,10,18,22,15,24,13,13,10,18,26,9,2,4,7,4,6,3,19,20,25,15,-6,5,Preston North End,Brentford,47,39,24,63,4.16,1.5,4,3
Sat,13,10,14,20,1,24,12,12,11,27,27,6,3,2,7,8,3,1,9,21,16,10,-7,11,AFC Wimbledon,Portsmouth,29,51,51,29,1.66,0.66,1,2
Sat,27,10,14,6,15,24,14,14,24,18,26,9,7,3,4,4,6,4,19,23,17,19,2,4,Norwich City,Brentford,37,30,30,55,2.66,1.33,1,0
Sat,27,10,14,19,21,24,14,14,13,13,26,9,3,4,7,3,4,7,23,10,28,20,-5,-10,Preston North End,Rotherham United,37,13,49,49,2.5,1.5,1,1
Fri,26,10,18,13,16,24,14,14,20,18,26,9,6,2,6,4,6,4,14,22,19,22,-5,0,Queens Park Rangers,Aston Villa,41,35,14,35,2.83,1.5,1,0
Wed,24,10,19,18,12,24,13,13,16,19,26,9,4,4,5,4,7,2,11,18,16,15,-5,3,Bolton Wanderers,Nottingham Forest,16,47,39,47,4.0,1.83,0,3
Tue,23,10,18,14,19,24,13,13,17,12,25,9,3,8,2,3,3,7,14,18,12,21,2,-3,Birmingham City,Reading,46,18,37,37,1.5,0.66,2,1
Sat,20,10,14,23,18,24,12,12,9,14,25,8,1,6,5,4,2,6,11,9,18,19,-7,-10,Ipswich Town,Queens Park Rangers,51,26,8,34,2.16,0.66,0,2
Sat,20,10,14,12,3,24,12,12,17,24,25,8,5,2,5,7,3,2,14,31,16,17,-2,14,Wigan Athletic,West Bromwich Albion,41,69,27,41,3.0,1.66,1,0
Sat,20,10,14,7,13,24,12,12,18,16,25,8,4,6,2,4,4,4,20,16,14,14,6,2,Brentford,Bristol City,55,31,39,47,2.66,1.33,0,1
Tue,2,10,19,20,19,24,10,10,9,10,20,5,2,3,5,3,1,6,14,7,15,18,-1,-11,Reading,Queens Park Rangers,47,24,16,47,1.5,1.16,0,1
Tue,2,10,18,16,1,24,10,10,14,25,25,3,3,5,2,8,1,1,11,20,9,7,2,13,Tranmere Rovers,Lincoln City,37,85,49,13,2.0,1.0,1,0
Tue,2,10,18,3,4,24,10,10,20,18,25,3,6,2,2,5,3,2,19,12,10,9,9,3,Exeter City,Stevenage,51,42,34,34,3.16,1.16,1,0
Tue,23,10,18,2,13,24,15,15,30,20,34,10,9,3,3,5,5,5,31,21,20,14,11,7,Peterborough United,Fleetwood Town,27,48,35,27,2.5,0.83,1,0
Tue,23,10,18,16,11,24,13,13,17,19,25,9,5,2,6,5,4,4,11,20,19,20,-8,0,Queens Park Rangers,Sheffield Wednesday,66,51,15,7,2.33,1.33,3,0
Tue,23,10,18,22,8,24,13,13,10,20,25,9,2,4,7,6,2,5,14,15,22,16,-8,-1,Millwall,Wigan Athletic,44,55,33,0,1.66,0.33,2,1
Tue,23,10,18,6,13,24,13,13,21,18,25,9,6,3,4,4,6,3,17,21,16,20,1,1,Norwich City,Aston Villa,31,55,31,24,2.83,1.0,2,1
Mon,22,10,18,4,9,12,7,7,15,7,18,4,5,0,2,2,1,4,9,14,8,12,1,2,Aston Villa U23,Newcastle U23,94,31,0,16,3.33,1.83,2,5
Sat,20,10,14,21,20,24,12,12,9,10,25,8,2,3,7,2,4,6,15,13,20,19,-5,-6,Reading,Millwall,47,16,31,39,2.83,1.0,3,1
Sat,20,10,14,15,11,24,12,12,15,17,25,8,3,6,3,4,5,3,20,12,20,9,0,3,Aston Villa,Swansea City,49,49,37,25,2.16,1.0,1,0
Sat,20,10,14,6,10,24,12,12,19,18,25,8,4,7,1,5,3,4,17,15,13,15,4,0,Nottingham Forest,Norwich City,55,27,37,37,2.83,1.0,1,2
Sat,20,10,11,10,4,24,12,12,18,23,25,8,4,6,2,6,5,1,14,22,15,9,-1,13,Blackburn Rovers,Leeds United,55,55,55,41,2.5,0.5,2,1
Tue,2,10,18,17,18,24,10,10,11,9,24,3,3,2,5,2,3,5,15,9,23,11,-8,-2,Rochdale AFC,Bristol Rovers,48,20,48,55,2.5,1.0,0,0
Tue,2,10,18,6,24,24,9,10,18,3,24,3,5,3,1,0,3,7,18,7,6,19,12,-12,Barnsley,Plymouth Argyle,50,40,40,20,2.83,1.16,1,1
Sun,11,11,16,5,11,20,11,11,23,15,29,5,7,2,2,4,3,4,25,11,14,12,11,-1,Arsenal,Wolverhampton,73,49,0,37,2.5,1.5,1,1
Sun,11,11,16,1,8,20,11,11,29,20,29,5,9,2,0,6,2,3,33,19,4,18,29,1,Manchester City,Manchester United,85,73,13,25,2.33,1.5,3,1
Sun,11,11,14,2,9,20,11,11,27,18,29,5,8,3,0,5,3,3,27,19,8,15,19,4,chelsea,everton,60,30,20,40,2.5,1.0,0,0
Sun,4,11,16,3,14,20,10,10,24,8,27,3,7,3,0,2,2,6,24,7,7,13,17,-6,Chelsea,Crystal Palace,69,41,14,41,2.66,1.66,3,1
Sat,10,11,17,14,4,20,11,11,8,24,29,5,2,2,7,8,0,3,8,19,16,10,-8,9,crystal palace,tottenham,60,80,20,11,1.5,0.33,0,1
Sun,11,11,12,3,20,20,11,11,27,5,29,5,8,3,0,1,2,8,21,11,5,29,16,-18,Liverpool,Fulham,96,0,14,27,3.16,1.66,2,0
Sun,4,11,15,2,16,20,10,10,26,7,27,3,8,2,0,1,4,5,27,6,3,14,24,-8,Manchester City,Southampton,88,22,11,33,3.16,1.0,6,1
Sun,25,11,16,11,20,20,12,12,16,7,35,7,4,4,4,1,4,7,12,6,13,22,-1,-16,wolverhampton,huddersfield town,37,13,37,37,2.5,1.0,0,2
Sat,24,11,15,13,1,20,12,12,12,32,32,5,3,3,6,10,2,0,14,36,18,5,-4,31,west ham united,manchester city,30,70,30,20,4.0,2.16,0,4
Sat,3,11,19,10,5,20,10,10,15,21,26,3,4,3,3,7,0,3,9,16,9,8,0,8,Wolverhampton,Tottenham,31,63,31,16,2.66,1.33,2,3
Sun,25,11,13,7,5,20,13,13,21,25,35,7,6,3,4,7,4,2,21,26,16,15,5,11,bournemouth,arsenal,51,68,17,17,3.33,1.5,1,2
Sat,24,11,17,4,3,20,12,12,27,28,32,5,9,0,3,8,4,0,20,27,10,8,10,19,tottenham,chelsea,61,61,0,25,3.66,1.83,3,1
Sat,3,11,17,4,2,20,10,10,22,26,26,3,7,1,2,8,2,0,24,20,13,4,11,16,Arsenal,Liverpool,80,70,0,20,4.5,1.83,1,1
Sat,10,11,15,10,15,20,11,11,16,8,29,5,5,1,5,2,2,7,17,12,16,25,1,-13,leicester city,burnley,61,13,13,37,2.16,1.16,0,0
Sat,3,11,12,6,8,20,10,10,20,17,26,3,6,2,2,5,2,3,19,17,12,17,7,0,Bournemouth,Manchester United,61,61,13,13,2.66,1.33,1,2
Sat,10,11,15,16,8,20,11,11,7,19,29,5,1,4,6,6,1,4,7,16,20,13,-13,3,southampton,watford,47,47,31,31,3.0,1.5,1,1
Sat,3,11,15,17,12,20,10,10,5,13,26,3,1,2,7,4,1,5,9,16,23,16,-14,0,Cardiff City,Leicester City,0,37,25,0,4.16,0.83,0,1
Sat,3,11,15,13,15,20,10,10,8,8,26,3,2,2,6,2,2,6,9,10,15,21,-6,-11,West Ham United,Burnley,22,11,33,33,2.33,0.83,4,2
Sat,10,11,12,19,12,20,11,11,5,14,29,5,1,2,8,4,2,5,9,12,24,16,-15,-4,cardiff city,brighton and hove albion,13,25,25,49,1.66,1.16,2,1
Tue,27,11,19,3,20,24,18,18,33,17,36,11,9,6,3,4,5,9,31,24,17,29,14,-5,leeds united,reading,42,30,30,25,2.16,0.83,1,0
Tue,27,11,19,16,2,24,18,18,21,34,36,11,5,6,7,9,7,2,30,21,31,9,-1,12,preston north end,middlesbrough,37,44,51,44,3.5,1.0,1,1
Fri,23,11,19,24,5,24,17,17,11,28,33,11,1,8,8,8,4,5,14,37,28,25,-14,12,ipswich town,west bromwich albion,15,44,44,37,2.16,0.5,1,2
Fri,30,11,20,19,11,20,13,13,8,16,35,8,2,2,9,4,4,5,11,12,26,15,-15,-3,cardiff city,wolverhampton,14,14,14,41,2.83,1.33,2,1
Tue,27,11,19,18,22,24,18,18,20,17,36,11,5,5,8,4,5,9,22,12,32,24,-10,-12,sheffield wednesday,bolton wanderers,41,35,35,14,3.0,1.16,1,0
Sat,10,11,15,8,23,24,17,17,26,15,31,13,6,8,3,4,3,10,22,14,18,23,4,-9,birmingham city,hull city,48,48,20,27,4.16,2.33,3,3
Sun,4,11,13,16,4,24,15,15,20,27,30,10,6,2,7,7,6,2,18,26,22,12,-4,14,Wigan Athletic,Leeds United,27,37,27,37,1.66,0.83,1,2
Sat,3,11,15,23,5,24,16,16,13,26,30,10,3,4,9,7,5,4,12,33,21,23,-9,10,Hull City,West Bromwich Albion,18,46,27,27,2.33,1.0,1,0
Wed,14,11,19,4,2,4,3,3,3,3,9,3,1,0,2,1,0,2,2,3,4,4,-2,-1,notts county,doncaster rovers,14,55,41,27,1.66,0.66,4,2
Sat,10,11,15,9,19,24,17,17,26,18,31,13,6,8,3,4,6,7,19,13,20,22,-1,-9,blackburn rovers,rotherham united,46,39,46,26,2.33,1.0,1,1
Wed,28,11,19,21,12,24,18,18,17,24,37,11,4,5,9,5,9,4,23,25,30,24,-7,1,millwall,birmingham city,33,19,39,26,2.83,1.16,0,2
Wed,28,11,19,18,11,24,18,18,21,26,37,11,6,3,9,6,8,4,19,21,26,25,-7,-4,wigan athletic,blackburn rovers,42,37,42,30,2.16,0.83,3,1
Tue,13,11,19,2,4,4,2,2,5,2,6,2,1,1,0,0,1,1,3,2,2,5,1,-3,barnsley,bradford city,55,16,24,39,1.83,1.0,2,1
Sat,3,11,15,6,9,24,15,15,25,23,29,9,7,4,4,5,8,2,22,19,16,14,6,5,Derby County,Birmingham City,59,51,15,29,2.33,0.5,3,1
Wed,28,11,19,24,16,24,18,18,11,22,37,11,1,8,9,6,4,8,15,20,30,21,-15,-1,ipswich town,bristol city,15,29,37,37,2.83,1.16,2,3
Sat,24,11,15,23,7,24,18,18,16,30,36,11,4,4,10,7,9,2,16,25,26,16,-10,9,hull city,nottingham forest,39,39,39,26,2.5,1.16,0,2
Fri,23,11,19,9,4,24,18,18,28,34,38,11,8,4,6,10,4,4,20,34,19,23,1,11,coventry city,peterborough united,41,48,27,20,3.0,1.0,1,1
Tue,13,11,19,7,17,22,16,16,27,18,31,7,8,3,5,5,3,8,20,23,21,24,-1,-1,dartford,oxford city,68,42,8,17,3.66,1.16,3,2
Tue,13,11,19,2,4,4,3,3,6,0,6,0,2,0,1,0,0,3,5,0,1,10,4,-10,newport county,plymouth argyle,44,22,22,0,3.16,1.0,2,0
Tue,13,11,19,3,4,4,2,2,3,1,7,1,1,0,1,0,1,1,3,2,3,4,0,-2,bury,fleetwood town,14,82,55,14,2.33,1.33,3,1
Tue,13,11,19,3,1,4,3,3,3,8,8,0,1,0,2,2,1,0,5,8,8,1,-3,7,crewe alexandra,shrewsbury town,0,0,22,44,2.16,1.33,1,2
Sat,3,11,15,16,4,24,15,15,19,27,29,9,5,4,6,8,3,4,21,20,26,17,-5,3,Sheffield Wednesday,Norwich City,44,51,15,29,3.0,1.5,0,4
Tue,27,11,19,12,9,24,20,20,27,29,44,14,7,6,7,8,5,7,28,21,21,23,7,-2,fleetwood town,coventry city,42,30,30,30,2.0,0.0,3,0
Tue,27,11,19,19,17,24,20,20,21,23,44,14,5,6,9,6,5,9,25,27,31,38,-6,-11,oxford united,rochdale afc,29,35,35,29,2.83,1.0,4,2
Tue,27,11,19,18,17,24,18,20,22,23,38,11,5,7,6,6,5,9,23,17,19,23,4,-6,yeovil town,port vale,33,26,33,52,3.16,1.0,0,3
Tue,27,11,19,3,14,24,20,20,33,24,38,11,9,6,5,5,9,6,28,24,31,25,-3,-1,newport county,northampton town,58,40,35,47,3.33,2.16,3,1
Sat,10,11,15,11,12,24,17,17,24,22,31,13,7,3,7,5,7,5,16,26,21,21,-5,5,queens park rangers,brentford,51,37,7,44,3.5,1.5,3,2
Sun,23,12,17,11,3,20,17,17,24,39,48,10,6,6,5,13,0,4,24,31,22,16,2,15,everton,tottenham,35,90,41,0,2.66,1.16,2,6
Tue,4,12,20,10,1,20,14,14,20,38,38,8,6,2,6,12,2,0,17,43,19,6,-2,37,watford,manchester city,33,77,22,22,3.66,1.66,1,2
Sat,15,12,16,3,17,20,16,16,36,12,42,9,12,0,4,3,3,10,30,15,16,32,14,-17,tottenham,burnley,90,7,0,27,2.66,1.16,1,0
Sat,15,12,13,2,7,20,16,16,41,24,42,9,13,2,1,6,6,4,45,23,9,19,36,4,manchester city,everton,84,42,17,34,2.66,1.16,3,1
Sat,8,12,17,4,1,20,15,15,31,41,41,9,9,4,2,13,2,0,31,45,13,7,18,38,chelsea,manchester city,59,77,26,8,2.33,1.0,2,0
Wed,26,12,16,9,2,20,18,18,25,44,48,10,7,4,7,14,2,2,22,50,21,13,1,37,leicester city,manchester city,49,85,18,13,5.33,1.83,2,1
Wed,5,12,19,19,2,20,14,14,9,36,41,8,2,3,9,11,3,0,13,27,29,5,-16,22,burnley,liverpool,8,86,39,16,2.16,1.16,1,3
Wed,26,12,16,3,8,20,18,18,42,26,48,10,14,0,4,8,2,8,37,27,18,28,19,-1,tottenham,bournemouth,84,58,0,6,3.16,1.66,5,0
Wed,5,12,20,5,18,20,14,14,30,9,41,8,10,0,4,1,6,7,25,12,15,26,10,-14,tottenham,southampton,70,20,11,40,3.66,2.0,3,1
Wed,5,12,20,8,4,20,14,14,22,30,41,8,6,4,4,9,3,2,22,32,23,18,-1,14,manchester united,arsenal,59,68,26,26,3.16,1.5,2,2
Sun,30,12,17,6,12,20,19,19,32,26,54,10,9,5,5,8,2,9,37,27,31,33,6,-6,manchester united,bournemouth,49,55,30,13,2.66,1.33,4,1
Wed,26,12,16,1,15,20,18,18,48,17,48,10,15,3,0,4,5,9,39,14,7,22,32,-8,liverpool,newcastle united,97,25,6,30,2.16,1.0,4,0
Sat,22,12,16,4,12,20,17,17,37,22,48,9,11,4,2,6,4,7,35,21,14,21,21,0,chelsea,leicester city,62,41,20,20,3.0,1.33,0,1
Sun,16,12,14,19,5,20,16,16,9,34,44,9,1,6,9,10,4,2,13,35,30,20,-17,15,southampton,arsenal,15,66,37,22,3.16,1.83,3,2
Wed,26,12,20,7,4,20,18,18,27,37,48,10,8,3,7,11,4,3,25,35,25,15,0,20,watford,chelsea,55,55,18,18,4.16,1.33,1,2
Thu,27,12,20,16,12,20,18,18,15,24,51,10,3,6,9,7,3,8,19,25,33,27,-14,-2,southampton,west ham united,37,25,25,30,3.16,2.0,1,2
Sat,29,12,16,19,20,20,19,19,11,10,51,10,2,5,12,2,4,13,17,12,43,34,-26,-22,fulham,huddersfield town,13,6,33,33,2.83,2.0,1,0
Wed,26,12,16,14,17,20,18,18,18,14,48,10,5,3,10,4,2,12,17,18,25,38,-8,-20,crystal palace,cardiff city,30,25,18,13,3.5,1.33,0,0
Wed,26,12,16,18,11,20,18,18,12,24,48,10,3,3,12,6,6,6,16,26,36,28,-20,-2,burnley,everton,13,33,19,46,2.66,1.16,1,5
Mon,10,12,20,7,13,20,15,15,23,20,42,9,6,5,4,6,2,7,21,18,17,21,4,-3,everton,watford,55,37,27,27,3.0,0.83,2,2
Sun,30,12,15,17,3,20,19,19,15,44,54,10,3,6,10,14,2,3,20,51,35,15,-15,36,southampton,manchester city,8,93,51,8,3.66,1.5,1,3
Wed,5,12,19,7,14,20,14,14,22,12,41,8,6,4,4,3,3,8,20,11,16,19,4,-8,everton,newcastle united,44,22,33,33,2.33,0.83,1,1
Sun,30,12,15,19,11,20,19,19,12,27,54,10,3,3,13,8,3,8,17,27,41,28,-24,-1,burnley,west ham united,13,33,13,26,2.66,1.16,2,0
Wed,26,12,13,20,10,20,18,18,10,25,48,10,2,4,12,7,4,7,16,19,42,21,-26,-2,fulham,wolverhampton wanderers,13,42,25,25,4.0,1.83,1,1
Sat,1,12,15,15,18,20,14,14,12,9,36,8,3,3,8,2,3,9,9,13,17,28,-8,-15,crystal palace,burnley,42,8,34,34,2.33,1.33,2,0
Sun,30,12,13,15,4,20,19,19,19,40,51,11,5,4,10,12,4,3,17,37,25,16,-8,21,crystal palace,chelsea,35,48,20,20,2.83,1.83,0,1
Sat,15,12,16,16,9,20,16,16,12,22,42,9,3,3,10,6,4,6,13,21,23,20,-10,1,crystal palace,leicester city,22,44,22,22,3.0,1.16,1,0
Sat,8,12,15,16,18,20,15,15,11,9,41,9,3,2,10,1,6,8,14,13,30,29,-16,-16,cardiff city,southampton,27,18,9,37,2.16,1.16,1,0
Sat,8,12,15,19,10,20,15,15,9,21,41,9,2,3,10,6,3,6,14,19,32,21,-18,-2,burnley,brighton and hove albion,8,51,26,17,1.33,1.0,1,0
Sat,29,12,16,10,15,20,19,19,27,17,51,10,8,3,8,4,5,10,26,14,27,26,-1,-12,watford,newcastle united,55,20,20,35,2.33,1.16,1,1
Wed,26,12,16,2,7,24,23,23,47,35,48,15,14,5,4,8,11,4,41,32,26,23,15,9,norwich city,nottingham forest,60,40,25,50,2.83,1.0,3,3
Sat,22,12,16,11,13,20,17,17,23,21,45,9,7,2,8,6,3,8,25,20,28,24,-3,-4,bournemouth,brighton and hove albion,55,41,14,14,2.83,1.0,2,0
Wed,26,12,16,1,14,24,23,23,48,31,48,15,14,6,3,7,10,6,39,29,20,34,19,-5,leeds united,blackburn rovers,63,31,31,47,2.5,0.83,3,2
Sat,22,12,16,9,10,20,17,17,24,24,48,9,7,3,7,7,3,7,25,23,25,25,0,-2,west ham united,watford,48,48,14,14,3.0,1.66,0,2
Sat,8,12,15,13,15,20,15,15,18,12,41,9,5,3,7,3,3,9,20,11,23,20,-3,-9,west ham united,crystal palace,34,26,26,26,3.0,1.66,3,2
Sat,29,12,16,8,23,24,24,24,37,19,51,15,11,4,9,4,7,13,31,27,32,37,-1,-10,queens park rangers,reading,45,25,20,35,1.5,1.16,0,0
Fri,7,12,20,3,8,24,20,20,35,31,40,11,10,5,5,8,7,5,42,39,28,30,14,9,west bromwich albion,aston villa,49,42,30,42,2.33,1.33,2,2
Sat,1,12,15,17,12,20,14,14,11,16,38,8,2,5,7,4,4,6,9,15,23,20,-14,-5,huddersfield town,brighton and hove albion,18,27,37,37,2.33,1.83,1,2
Mon,17,12,20,5,7,24,21,21,37,34,45,14,11,4,6,8,10,3,31,32,24,22,7,10,derby county,nottingham forest,60,44,16,44,1.83,0.66,0,0
Sat,29,12,16,2,6,24,24,24,48,39,51,15,14,6,4,11,6,7,44,33,29,28,15,5,norwich city,derby county,70,55,20,25,2.16,0.66,3,4
Sat,29,12,16,5,24,24,24,24,39,15,51,15,10,9,5,2,9,13,25,19,17,41,8,-22,middlesbrough,ipswich town,50,11,40,45,2.5,1.16,2,0
Wed,26,12,16,10,24,24,23,23,34,15,48,15,10,4,9,2,9,12,28,19,32,38,-4,-19,queens park rangers,ipswich town,45,11,20,50,2.0,0.83,3,0
Wed,26,12,16,12,11,24,23,23,32,33,48,15,9,5,9,8,9,6,29,45,27,37,2,8,swansea city,aston villa,35,45,45,25,2.0,0.83,0,1
Wed,26,12,16,13,18,24,23,23,31,25,48,15,8,7,8,6,7,10,28,34,27,34,1,0,bristol city,brentford,30,30,35,40,1.83,0.66,1,1
Sat,15,12,16,23,2,24,21,21,18,42,43,11,4,6,11,12,6,3,15,35,29,18,-14,17,bolton wanderers,leeds united,27,55,33,27,3.16,1.83,0,1
Sat,15,12,16,8,10,24,21,21,32,30,43,11,8,8,5,7,9,5,41,27,32,25,9,2,aston villa,stoke city,38,38,49,44,2.66,1.0,2,2
Sat,8,12,15,1,23,24,20,20,40,18,40,11,12,4,4,4,6,10,35,13,22,26,13,-13,norwich city,bolton wanderers,58,29,29,29,2.33,1.16,3,2
Sat,1,12,15,1,20,24,20,20,40,20,40,11,12,4,4,4,8,8,35,19,22,30,13,-11,norwich city,rotherham united,62,35,35,35,3.0,0.83,3,1
Sat,29,12,16,12,21,24,24,24,32,22,51,15,8,8,8,4,10,10,29,23,28,39,1,-16,bristol city,rotherham united,40,25,30,45,2.16,0.83,1,0
Sat,29,12,16,7,18,24,24,24,37,26,51,15,9,10,5,6,8,10,37,35,27,35,10,0,birmingham city,brentford,35,30,45,30,3.16,1.0,0,0
Wed,26,12,16,4,17,24,23,23,39,27,48,15,10,9,4,7,6,10,25,29,16,40,9,-11,middlesbrough,sheffield wednesday,45,40,45,30,2.33,0.5,0,1
Wed,26,12,16,22,21,24,23,23,19,19,48,15,4,7,12,4,7,12,28,27,39,36,-11,-9,millwall,reading,20,20,35,35,3.0,1.33,1,0
Sat,22,12,16,12,2,24,22,22,31,44,45,14,7,10,5,13,5,4,29,40,33,26,-4,14,blackburn rovers,norwich city,34,58,48,24,4.0,1.5,0,1
Sat,8,12,15,12,24,24,20,20,27,11,40,11,6,9,5,1,8,11,25,17,25,35,0,-18,stoke city,ipswich town,37,13,42,42,2.16,1.0,2,0
Sat,8,12,15,2,11,24,20,20,39,28,40,11,11,6,3,8,4,8,33,24,17,29,16,-5,leeds united,queens park rangers,58,40,24,17,2.0,0.33,2,1
Sat,1,12,15,11,19,24,20,20,28,20,42,11,8,4,8,5,5,10,24,19,29,28,-5,-9,queens park rangers,hull city,42,30,18,30,3.33,1.66,2,3
Sat,29,12,16,20,10,24,24,24,22,36,51,15,5,7,12,8,12,4,29,35,39,26,-10,9,millwall,nottingham forest,20,45,30,45,1.83,0.83,1,0
Sat,22,12,16,11,22,24,22,22,31,19,45,14,7,10,5,4,7,11,29,28,27,38,2,-10,stoke city,millwall,35,20,45,35,1.66,1.0,1,0
Sat,22,12,16,4,14,24,22,22,38,30,45,14,11,5,6,8,6,8,31,27,24,26,7,1,derby county,bristol city,55,35,25,30,3.66,1.5,1,1
Sat,15,12,16,24,16,24,21,21,11,25,43,11,1,8,12,7,4,10,17,23,37,29,-20,-6,ipswich town,wigan athletic,11,33,38,22,2.83,1.5,1,0
Sat,15,12,16,14,6,24,21,21,28,36,43,11,8,4,9,9,9,3,25,23,31,14,-6,9,queens park rangers,middlesbrough,44,55,16,44,3.33,1.66,2,1
Sat,8,12,15,5,18,24,20,20,34,22,40,11,8,10,2,5,7,8,32,31,21,35,11,-4,nottingham forest,preston north end,40,40,47,40,1.83,0.83,0,1
Sat,1,12,15,5,24,24,20,20,34,11,40,11,8,10,2,1,8,11,32,17,21,35,11,-18,nottingham forest,ipswich town,35,14,55,41,2.83,1.66,2,0
Sat,1,12,17,3,8,24,20,20,35,31,42,11,9,8,3,8,7,5,22,39,13,30,9,9,middlesbrough,aston villa,69,48,27,35,1.16,0.33,0,3
Sat,15,12,16,11,9,24,21,21,30,30,43,11,7,9,5,7,9,5,27,30,31,25,-4,5,blackburn rovers,birmingham city,33,38,38,49,1.66,0.83,2,2
Sat,8,12,15,1,14,24,19,20,44,26,44,14,13,5,1,8,2,10,32,25,15,26,17,-1,portsmouth,southend united,75,40,24,24,2.66,1.66,2,0
Sat,8,12,15,9,14,24,20,20,30,26,40,11,7,9,4,7,5,8,30,24,24,24,6,0,birmingham city,bristol city,42,25,37,37,2.5,1.66,0,1
Sat,1,12,15,10,16,24,20,20,29,23,40,11,7,8,5,6,5,9,26,25,30,36,-4,-11,blackburn rovers,sheffield wednesday,41,41,48,35,3.33,1.66,4,2
Sat,1,12,15,9,17,24,20,20,30,22,40,11,7,9,4,5,7,8,30,31,24,35,6,-4,birmingham city,preston north end,27,27,41,48,3.33,1.16,3,0
Sat,29,12,16,8,19,24,25,26,43,26,53,15,11,10,4,7,5,14,33,23,27,43,6,-20,sutton united,aldershot town,47,31,42,16,2.5,1.0,2,1
Wed,26,12,16,12,7,24,23,23,30,39,51,18,8,6,9,11,6,6,30,39,25,28,5,11,fleetwood town,doncaster rovers,35,50,30,30,1.5,1.16,3,0
Wed,26,12,16,4,16,24,25,24,46,27,53,15,13,7,5,6,9,9,50,22,32,28,18,-6,harrogate town,fc halifax town,58,31,37,37,2.33,0.83,1,2
Wed,26,12,16,3,12,24,23,23,41,32,47,17,12,5,6,9,5,9,35,28,23,30,12,-2,colchester united,stevenage,55,40,25,25,3.66,2.0,1,2
Wed,26,12,14,15,1,24,25,25,31,53,53,15,9,4,12,15,8,2,28,47,31,15,-3,32,dagenham and redbridge,leyton orient,35,66,15,40,2.0,0.66,2,1
Sat,22,12,16,16,10,24,22,22,25,31,45,14,7,4,11,7,10,5,23,32,30,27,-7,5,wigan athletic,birmingham city,30,30,50,20,2.0,1.5,0,3
Sat,22,12,16,18,15,24,22,22,24,28,45,14,6,6,10,7,7,8,28,35,40,37,-12,-2,sheffield wednesday,preston north end,40,35,30,30,2.66,0.33,1,0
Sat,22,12,16,19,23,24,22,22,22,18,45,14,5,7,10,4,6,12,33,15,34,30,-1,-15,brentford,bolton wanderers,25,25,40,30,3.16,1.5,1,0
Sat,22,12,16,21,6,24,22,22,19,36,45,14,4,7,11,9,9,4,27,24,35,16,-8,8,reading,middlesbrough,25,45,35,45,1.83,0.83,0,1
Sat,22,12,16,4,11,24,22,22,40,30,48,15,11,7,4,8,6,8,40,23,28,33,12,-10,peterborough united,walsall,55,45,35,30,2.16,0.83,1,1
Sat,15,12,16,24,10,24,21,21,15,30,47,15,4,3,14,8,6,7,18,23,39,29,-21,-6,bradford city,walsall,45,20,25,15,3.0,0.83,4,0
Sat,15,12,16,17,4,24,21,21,24,39,47,15,6,6,9,11,6,4,24,38,27,26,-3,12,shrewsbury town,peterborough united,38,60,27,27,3.16,0.83,2,2
Tue,11,12,20,22,10,22,19,19,11,29,39,11,2,5,12,8,5,6,25,30,41,25,-16,5,weston super mare,chelmsford city,18,42,25,25,2.0,1.0,0,3
Sat,8,12,15,1,11,24,20,20,40,27,40,13,11,7,2,8,3,9,30,25,13,25,17,0,milton keynes dons,carlisle united,55,44,38,22,2.5,1.0,2,0
Sat,8,12,13,6,23,24,19,20,32,16,40,13,7,11,1,3,7,10,27,22,14,41,13,-19,mansfield town,notts county,40,24,63,35,3.0,0.66,2,0
Thu,10,5,18,13,2,20,38,38,42,81,100,31,10,12,16,25,6,7,48,68,68,28,-20,40,West Ham United,Manchester United,42,55,18,30,3.5,1.0,0,0
Sat,5,5,16,8,17,20,38,38,49,36,100,31,13,10,15,7,15,16,44,37,58,56,-14,-19,Everton,Southampton,37,25,37,30,2.5,1.0,1,1
Sun,6,5,11,19,3,24,46,46,46,88,99,37,13,7,26,25,13,8,38,79,68,46,-30,33,Birmingham City,Fulham,55,55,0,0,2.33,1.16,3,1
Sat,5,5,14,9,13,20,38,38,47,42,100,31,12,11,15,10,12,16,56,48,60,68,-4,-20,Leicester City,West Ham United,42,49,18,13,3.0,2.0,0,2
Sun,13,5,15,18,19,20,38,38,33,33,100,31,8,9,21,7,12,19,28,35,56,68,-28,-33,Swansea City,Stoke City,13,13,19,14,2.66,1.33,1,2
Sun,6,5,11,6,22,24,46,46,75,41,99,37,20,15,11,9,14,23,70,48,48,72,22,-24,Derby County,Barnsley,55,25,-11,-11,3.16,1.5,4,1
Sat,5,5,14,12,18,20,38,38,44,33,100,31,11,11,16,8,9,21,45,28,61,56,-16,-28,Bournemouth,Swansea City,39,13,-11,17,3.0,1.83,1,0
Sun,6,5,11,21,17,24,46,46,43,53,99,37,10,13,23,15,8,23,39,51,74,65,-35,-14,Bolton Wanderers,Nottingham Forest,40,20,50,30,3.5,1.83,3,2
Sat,5,5,11,19,11,20,38,38,33,44,100,31,7,12,19,11,11,16,35,45,68,55,-33,-10,Stoke City,Crystal Palace,29,24,17,14,2.66,0.83,1,2
Sun,13,5,15,11,20,20,38,38,44,31,100,31,11,11,16,6,13,19,45,31,55,56,-10,-25,Crystal Palace,West Bromwich Albion,42,6,16,13,2.0,0.66,2,0
Tue,1,5,18,11,19,24,46,46,63,52,98,36,18,9,19,13,13,20,57,53,67,66,-10,-13,Bradford City,Walsall,50,25,18,16,3.0,0.5,1,1
Sun,20,5,12,5,4,10,18,18,30,32,44,2,9,3,6,9,5,4,30,40,18,18,12,22,Birmingham City LFC,Reading LFC,35,20,50,35,1.66,0.66,1,1
Sun,6,5,11,12,5,24,46,46,60,76,99,37,17,9,20,22,10,14,57,67,60,45,-3,22,Ipswich Town,Middlesbrough,11,50,45,40,2.5,1.16,2,2
Thu,26,7,1,16,17,18,1,1,0,0,6,0,0,0,1,0,0,1,0,1,1,3,-1,-2,Manchester City,Liverpool,93,93,6,6,3.5,1.5,1,2
Sat,11,8,12,14,16,20,0,0,0,0,3,0,0,0,0,0,0,0,0,0,0,0,0,0,Newcastle United,Tottenham Hotspur,25,85,30,0,3.33,0.83,1,2
Sun,26,8,16,15,4,20,2,2,1,6,9,0,0,1,1,2,0,0,1,6,2,2,-1,4,Newcastle United,Chelsea,25,61,30,18,3.66,1.83,1,2
Mon,27,8,20,9,6,20,2,2,3,6,9,0,1,0,1,2,0,0,4,5,4,2,0,3,Manchester United,Tottenham Hotspur,75,90,11,19,2.16,1.0,0,3
Sun,12,8,13,11,14,20,0,0,0,0,3,0,0,0,0,0,0,0,0,0,0,0,0,0,Liverpool,West Ham United,97,49,6,18,3.5,1.33,4,0
Mon,20,8,20,8,7,20,1,1,3,3,6,0,1,0,0,1,0,0,2,4,0,0,2,4,Crystal Palace,Liverpool,30,97,25,6,3.0,1.33,0,2
Sat,18,8,15,20,3,20,1,1,0,3,3,0,0,0,1,1,0,0,0,2,4,0,-4,2,West Ham United,Bournemouth,42,49,13,18,4.16,1.16,1,2
Sat,18,8,15,9,12,20,1,1,1,1,3,0,0,1,0,0,1,0,2,0,2,0,0,0,Everton,Southampton,37,25,37,30,2.66,0.83,2,1
Sat,25,8,15,17,19,20,2,2,0,0,6,0,0,0,2,0,0,2,2,1,5,6,-3,-5,Arsenal,West Ham United,68,49,30,18,3.5,1.0,3,1
Sat,11,8,15,17,13,20,0,0,0,0,3,0,0,0,0,0,0,0,0,0,0,0,0,0,Watford,Brighton amp Hove Albion,42,37,18,18,1.5,0.5,2,0
Sat,25,8,15,20,16,20,2,2,0,1,6,0,0,0,2,0,1,1,1,0,9,2,-8,-2,Huddersfield Town,Cardiff City,44,44,16,8,3.16,1.83,0,0
Sat,18,8,15,2,13,24,2,2,6,3,7,0,2,0,0,1,0,1,7,2,2,5,5,-3,Leeds United,Rotherham United,55,55,18,9,2.0,0.66,2,0
Sat,25,8,15,13,8,20,2,2,1,3,6,0,0,1,1,1,0,1,1,3,2,2,-1,1,Southampton,Leicester City,25,37,30,25,2.16,1.33,1,2
Tue,21,8,19,9,23,24,4,4,6,2,10,0,2,0,2,0,2,2,6,3,7,6,-1,-3,Derby County,Ipswich Town,37,37,12,11,1.83,1.0,2,0
Mon,6,8,19,17,16,24,0,0,0,0,3,0,0,0,0,0,0,0,0,0,0,0,0,0,Hull City,Aston Villa,30,66,15,12,1.83,1.33,1,3
Tue,21,8,19,24,11,24,4,4,0,5,10,0,0,0,4,1,2,1,2,6,13,5,-11,1,Queens Park Rangers,Bristol City,35,50,35,20,2.0,0.83,0,3
Fri,31,8,19,1,2,24,5,5,13,13,13,2,4,1,0,4,1,0,14,9,4,2,10,7,Leeds United,Middlesbrough,19,46,17,9,1.83,1.0,0,0
Wed,22,8,20,6,18,24,4,4,8,3,10,0,2,2,0,0,3,1,5,2,3,3,2,-1,Bolton Wanderers,Birmingham City,15,35,30,50,0.83,0.83,1,0
Wed,22,8,19,16,15,24,4,4,4,5,10,0,1,1,2,1,2,1,5,4,6,5,-1,-1,Sheffield Wednesday,Millwall,58,39,9,16,3.0,1.16,2,1
Sat,18,8,15,14,1,24,2,3,2,7,7,0,0,2,0,2,1,0,3,6,3,2,0,4,Bristol City,Middlesbrough,40,50,35,40,2.33,1.0,0,2
Fri,17,8,19,18,20,24,2,2,1,1,6,0,0,1,1,0,1,1,2,2,3,3,-1,-1,Notts County,Yeovil Town,22,22,42,37,2.0,0.66,0,4
Sat,4,8,15,3,13,24,0,0,0,0,3,0,0,0,0,0,0,0,0,0,0,0,0,0,Birmingham City,Norwich City,25,45,16,11,2.0,1.16,2,2
Sat,25,8,15,15,2,24,4,4,4,10,13,0,1,1,2,3,1,0,8,11,8,4,0,7,Norwich City,Leeds United,30,25,15,14,4.33,1.66,0,3
Sat,25,8,15,11,18,24,4,4,6,4,13,0,2,0,2,1,1,2,6,3,7,5,-1,-2,Derby County,Preston North End,50,40,30,30,1.33,0.33,2,0
Sun,19,8,15,11,20,24,2,2,4,1,10,0,1,1,0,0,1,1,6,3,2,4,4,-1,Brentford,Sheffield Wednesday,25,35,35,30,2.83,1.5,2,0
Sat,18,8,15,15,11,24,2,2,2,3,7,0,0,2,0,1,0,1,2,3,2,5,0,-2,Millwall,Derby County,68,37,12,15,2.66,1.33,2,1
Sat,18,8,15,24,7,24,2,2,0,4,7,0,0,0,2,1,1,0,1,4,3,3,-2,1,Reading,Bolton Wanderers,15,25,30,35,2.0,1.0,0,1
Sat,4,8,15,7,14,24,0,0,0,0,3,0,0,0,0,0,0,0,0,0,0,0,0,0,Bristol City,Nottingham Forest,20,25,16,14,2.0,1.16,1,1
Sat,25,8,15,7,13,24,4,4,8,5,11,0,2,2,0,1,2,1,5,6,3,5,2,1,Swansea City,Bristol City,45,35,25,35,0.83,0.5,0,1
Sat,25,8,15,9,5,24,4,4,6,8,11,0,1,3,0,2,2,0,5,10,4,4,1,6,Blackburn Rovers,Brentford,66,22,8,23,3.5,2.33,1,0
Sat,25,8,15,24,8,24,4,4,0,7,13,0,0,0,4,2,1,1,2,10,13,7,-11,3,Queens Park Rangers,Wigan Athletic,66,44,12,17,1.33,0.66,1,0
Sat,25,8,17,10,20,24,4,4,6,2,13,0,1,3,0,0,2,2,5,2,4,4,1,-2,Nottingham Forest,Birmingham City,45,35,45,45,1.83,0.83,2,2
Sat,25,8,15,17,21,24,4,4,4,2,13,0,1,1,2,0,2,2,5,3,7,6,-2,-3,Sheffield Wednesday,Ipswich Town,30,11,30,45,2.66,0.83,2,1
Tue,21,8,19,11,1,24,3,3,4,9,9,0,1,1,1,3,0,0,4,9,4,3,0,6,Charlton Athletic,Peterborough United,66,50,20,40,3.66,0.83,0,1
Tue,21,8,19,3,16,24,4,4,8,4,10,1,2,2,0,1,1,2,9,6,1,7,8,-1,Colchester United,Crewe Alexandra,50,35,25,20,3.16,1.16,6,0
Sun,23,9,13,17,3,20,5,5,3,15,18,2,1,0,4,5,0,0,5,14,11,4,-6,10,West Ham United,Chelsea,33,66,11,0,2.66,1.0,0,0
Sun,2,9,16,19,14,20,3,3,1,3,12,0,0,1,2,1,0,2,3,4,7,7,-4,-3,Burnley,Manchester United,34,84,11,19,1.83,1.16,0,2
Sun,23,9,16,9,12,20,5,5,9,6,18,2,3,0,2,1,3,1,10,8,9,9,1,-1,Arsenal,Everton,73,49,0,13,4.16,2.5,2,0
Sat,1,9,12,7,1,20,3,3,6,9,9,0,2,0,1,3,0,0,5,7,3,0,2,7,Leicester City,Liverpool,22,66,8,1,3.5,1.5,1,2
Sat,1,9,15,3,6,20,3,3,9,7,9,0,3,0,0,2,1,0,8,6,3,3,5,3,Chelsea,Bournemouth,61,49,18,13,3.16,1.33,2,0
Sat,1,9,17,5,16,20,3,3,7,1,9,0,2,1,0,0,1,2,9,2,2,4,7,-2,Manchester City,Newcastle United,92,25,6,30,3.5,1.66,2,1
Sat,29,9,12,17,7,20,6,6,4,10,18,2,1,1,4,3,1,2,5,9,11,9,-6,0,West Ham United,Manchester United,22,99,11,11,3.0,1.0,3,1
Sun,2,9,16,5,4,20,3,3,9,9,12,0,3,0,0,3,0,0,7,8,2,2,5,6,Watford,Tottenham Hotspur,42,92,18,0,2.83,1.83,2,1
Sat,15,9,17,3,10,20,4,4,12,6,12,0,4,0,0,2,0,2,9,6,3,7,6,-1,Watford,Manchester United,79,31,13,9,2.83,1.16,1,2
Sat,15,9,15,18,9,20,4,4,1,6,12,0,0,1,3,2,0,2,3,8,6,8,-3,0,Newcastle United,Arsenal,25,68,30,30,2.33,1.0,1,2
Sun,16,9,13,12,19,20,4,4,5,1,15,0,1,2,1,0,1,3,4,3,5,9,-1,-6,Wolverhampton,Burnley,22,66,44,22,2.0,0.66,1,0
Sat,15,9,12,5,1,20,4,4,9,12,12,0,3,0,1,4,0,0,9,9,4,1,5,8,Tottenham,Liverpool,84,77,8,8,3.0,1.5,1,2
Sat,15,9,15,4,13,20,4,4,10,4,12,0,3,1,0,1,1,2,11,7,3,9,8,-2,Manchester City,Fulham,66,44,11,12,3.83,1.5,3,0
Sat,29,9,15,12,15,20,6,6,6,5,18,2,1,3,2,1,2,3,8,8,11,13,-3,-5,Everton,Fulham,37,37,18,37,3.5,1.16,3,0
Sat,22,9,15,20,5,20,5,5,1,10,15,1,0,1,4,3,1,1,3,10,10,7,-7,3,Burnley,Bournemouth,55,44,22,33,3.0,1.0,4,0
Sun,30,9,15,19,12,20,7,7,2,7,19,2,0,2,5,2,1,4,4,9,16,11,-12,-2,Cardiff City,Burnley,27,0,0,0,2.16,0.66,1,2
Tue,18,9,19,1,23,24,7,7,15,5,15,3,4,3,0,1,2,4,15,7,5,12,10,-5,Leeds United,Preston North End,27,41,41,35,2.66,1.5,3,0
Fri,28,9,19,10,1,24,9,9,14,18,18,5,4,2,3,5,3,1,14,19,14,7,0,12,Sheffield Wednesday,Leeds United,35,35,35,41,2.16,0.66,1,1
Sat,15,9,15,6,8,20,4,4,7,6,12,0,2,1,1,2,0,2,6,6,5,5,1,1,Bournemouth,Leicester City,16,39,24,39,1.16,0.66,4,2
Sat,1,9,15,10,17,20,3,3,3,1,9,0,1,0,2,0,1,2,3,2,4,4,-1,-2,Crystal Palace,Southampton,30,18,25,30,3.0,1.33,0,2
Sat,1,9,15,12,11,20,3,3,3,3,9,0,1,0,2,1,0,2,3,5,5,7,-2,-2,Brighton amp Hove Albion,Fulham,55,27,8,15,3.16,0.83,2,2
Wed,19,9,19,4,12,24,7,7,14,11,18,4,4,2,1,3,2,2,9,9,3,10,6,-1,Middlesbrough,Bolton Wanderers,62,35,14,20,2.5,1.16,2,0
Sat,29,9,15,17,23,24,9,9,9,5,18,5,1,6,2,0,5,4,7,6,8,12,-1,-6,Birmingham City,Ipswich Town,24,16,16,47,2.0,0.83,2,2
Sat,15,9,15,16,1,24,6,6,5,14,14,2,1,2,3,4,2,0,6,14,8,4,-2,10,Millwall,Leeds United,55,27,27,41,2.66,1.0,1,1
Sat,8,9,15,3,5,24,6,6,14,14,16,2,4,2,0,4,2,0,14,10,3,5,11,5,Barnsley,Walsall,55,0,37,55,3.33,1.33,1,1
Sat,29,9,15,7,20,24,9,9,15,8,19,5,4,3,2,2,2,5,16,12,10,13,6,-1,Brentford,Reading,41,27,41,41,3.33,1.16,2,2
Sat,29,9,15,15,6,24,9,9,12,16,19,5,3,3,3,5,1,3,9,13,12,10,-3,3,Bolton Wanderers,Derby County,19,26,39,39,3.0,1.5,1,0
Tue,18,9,19,24,2,24,7,7,3,14,15,3,0,3,4,4,2,1,5,14,11,6,-6,8,Ipswich Town,Brentford,26,46,33,33,2.5,0.83,1,1
Tue,18,9,19,11,17,24,7,7,10,7,15,3,3,1,3,2,1,4,11,8,10,11,1,-3,Wigan Athletic,Hull City,27,41,41,27,3.83,1.0,2,1
Sat,29,9,15,21,2,24,9,9,7,18,19,5,2,1,6,5,3,1,9,11,16,3,-7,8,Hull City,Middlesbrough,37,51,37,22,3.16,1.83,1,1
Tue,18,9,20,20,6,24,7,7,6,12,15,3,1,3,3,3,3,1,9,7,13,5,-4,2,Stoke City,Swansea City,27,7,41,48,2.83,1.83,1,0
Tue,18,9,19,7,13,24,7,7,12,10,15,3,4,0,3,2,4,1,10,8,9,9,1,-1,Derby County,Blackburn Rovers,63,31,47,79,2.0,0.66,0,0
Sat,15,9,15,15,4,24,6,6,6,12,14,2,2,0,4,4,0,2,5,10,11,8,-6,2,Rotherham United,Derby County,44,66,0,44,3.5,1.0,1,0
Sat,8,9,15,9,24,24,6,6,10,1,16,1,3,1,2,0,1,5,8,6,6,16,2,-10,Exeter City,Notts County,42,42,37,30,3.16,1.66,5,1
Sat,1,9,17,16,10,24,5,5,5,8,14,2,1,2,2,2,2,1,5,5,6,4,-1,1,Millwall,Swansea City,73,37,8,14,3.0,1.33,1,2
Sat,1,9,15,19,6,24,5,5,4,9,14,2,1,1,3,3,0,2,5,8,9,7,-4,1,Hull City,Derby County,40,50,30,30,3.0,2.0,1,2
Sat,29,9,15,14,16,24,9,9,13,10,19,5,3,4,2,3,1,5,7,7,6,15,1,-8,Swansea City,Queens Park Rangers,37,37,61,0,3.16,1.0,3,0
Sat,29,9,15,12,9,24,9,9,14,14,18,5,3,5,1,3,5,1,11,11,11,9,0,2,Blackburn Rovers,Nottingham Forest,49,37,61,37,2.66,1.5,2,2
Sat,29,9,15,24,3,24,9,9,5,17,19,5,1,2,6,5,2,2,9,22,18,12,-9,10,Preston North End,West Bromwich Albion,47,63,31,16,2.83,1.5,2,3
Tue,4,9,19,1,4,24,8,8,17,16,17,2,5,2,1,5,1,2,13,13,4,6,9,7,Wrexham,FC Halifax Town,22,37,59,37,1.5,1.33,0,0
Sat,1,9,15,1,7,24,5,5,15,8,15,2,5,0,0,2,2,1,15,6,4,3,11,3,Peterborough United,Doncaster Rovers,30,13,8,41,1.83,1.0,1,1
